ClusterID,Size
0,4250
1,4216
2,4126
3,4084
4,4023
5,4144
6,4144
7,3915
8,4208
9,3958
10,4009
11,4081
12,4285
13,4104
14,4166
15,4185
16,4058
17,4203
18,4199
19,4113
20,4042
21,4108
22,4075
23,4146
24,4133
25,4080
26,3983
27,3987
28,4124
29,4148
30,4043
31,4045
32,4080
33,4155
34,4315
35,4141
36,4154
37,4063
38,3983
39,4199
40,4024
41,4139
42,4097
43,4133
44,4149
45,4118
46,4302
47,4062
48,4170
49,4126
50,4200
51,4025
52,4159
53,4085
54,4027
55,4036
56,4061
57,4096
58,4079
59,4074
60,4020
61,4064
62,4186
63,4097
64,4085
65,3994
66,3996
67,4193
68,4009
69,3960
70,4020
71,3990
72,4100
73,4141
74,4097
75,4079
76,3984
77,4205
78,3932
79,4119
80,4115
81,4248
82,3943
83,4047
84,4092
85,4065
86,4248
87,4102
88,4028
89,4042
90,4122
91,4072
92,4230
93,4179
94,4082
95,4187
96,4013
97,4136
98,4095
99,4051
100,4031
101,4189
102,4156
103,4099
104,4000
105,3982
106,4166
107,4260
108,4131
109,4048
110,3994
111,4023
112,4172
113,3973
114,4261
115,3944
116,3940
117,4045
118,4078
119,4050
120,4102
121,4116
122,4193
123,4113
124,4119
125,4159
126,4077
127,4243
128,4103
129,4136
130,3997
131,4169
132,4054
133,4137
134,3956
135,4052
136,3964
137,4137
138,4125
139,4124
140,4101
141,3997
142,4137
143,4093
144,4117
145,4073
146,4127
147,4043
148,3982
149,3995
150,4143
151,4271
152,4082
153,4097
154,4000
155,4080
156,4065
157,4185
158,4264
159,3982
160,4217
161,4115
162,4208
163,4041
164,4117
165,4128
166,4032
167,4117
168,4149
169,4146
170,4011
171,4160
172,4247
173,4088
174,4170
175,4160
176,4058
177,4129
178,4124
179,4051
180,4064
181,3982
182,4059
183,3997
184,4045
185,4089
186,4099
187,4220
188,4118
189,4225
190,4027
191,4131
192,4108
193,4102
194,3997
195,4123
196,4218
197,4172
198,4028
199,4153
200,4061
201,4073
202,4039
203,4059
204,4098
205,4098
206,3995
207,4089
208,4151
209,4010
210,4169
211,4188
212,4009
213,4132
214,4103
215,4100
216,3960
217,4177
218,4158
219,4018
220,4174
221,4069
222,4064
223,3973
224,4029
225,4147
226,4123
227,4120
228,4001
229,4011
230,4133
231,4068
232,4052
233,4131
234,4066
235,3924
236,4203
237,4010
238,4109
239,3979
240,3997
241,4065
242,4179
243,4151
244,4077
245,4099
246,4011
247,4022
248,4057
249,4068
250,4139
251,4083
252,4001
253,4004
254,4232
255,4224
256,4111
257,3998
258,4138
259,4026
260,4055
261,4070
262,4142
263,4120
264,4118
265,4067
266,4249
267,4114
268,4051
269,4119
270,4096
271,4135
272,4054
273,4087
274,4160
275,4005
276,4060
277,4032
278,4061
279,4143
280,4128
281,4030
282,4024
283,4115
284,4176
285,4074
286,3980
287,4104
288,4095
289,4040
290,4066
291,4116
292,4155
293,4114
294,4005
295,4174
296,4006
297,4046
298,4168
299,4047
300,4086
301,4186
302,4110
303,4087
304,4242
305,4106
306,4085
307,4099
308,4027
309,4054
310,4000
311,4069
312,4083
313,4013
314,4121
315,4155
316,4014
317,4100
318,4075
319,3986
320,4121
321,4115
322,4096
323,4119
324,4217
325,4122
326,4124
327,4131
328,4088
329,3976
330,3915
331,4152
332,4034
333,4164
334,4084
335,3995
336,4149
337,4021
338,4134
339,4010
340,4082
341,4133
342,3983
343,3964
344,4093
345,4113
346,4169
347,4040
348,4081
349,4137
350,4056
351,4072
352,4148
353,4170
354,4114
355,4052
356,4038
357,4277
358,4067
359,3967
360,4152
361,3974
362,4156
363,3970
364,4096
365,4141
366,4098
367,3996
368,3991
369,4037
370,4074
371,4117
372,4216
373,4129
374,3941
375,4055
376,4027
377,4006
378,4093
379,4156
380,4216
381,4120
382,4189
383,4047
384,4006
385,4164
386,4119
387,4131
388,4144
389,4251
390,4218
391,4079
392,3976
393,4173
394,4031
395,4087
396,4037
397,4124
398,4090
399,4074
400,4119
401,3949
402,4071
403,4030
404,3977
405,4109
406,4100
407,4122
408,4107
409,4043
410,4084
411,3977
412,4082
413,4150
414,4125
415,4118
416,4124
417,4209
418,4101
419,4207
420,4065
421,4146
422,4049
423,4143
424,4109
425,4031
426,4159
427,3936
428,3983
429,4074
430,4160
431,4042
432,4266
433,4207
434,4000
435,4169
436,4094
437,4149
438,4214
439,4132
440,4024
441,4077
442,4158
443,4162
444,4150
445,4067
446,4161
447,4037
448,4056
449,4019
450,4124
451,4019
452,4024
453,4163
454,4086
455,3984
456,4110
457,4067
458,4144
459,4160
460,4190
461,4028
462,4133
463,4104
464,3932
465,4137
466,4120
467,4211
468,4273
469,4039
470,3976
471,4044
472,4200
473,4028
474,4135
475,3985
476,4235
477,4084
478,4085
479,4105
480,3982
481,4085
482,4203
483,4112
484,4071
485,4073
486,4206
487,4081
488,4051
489,4163
490,4023
491,4081
492,4045
493,4061
494,4191
495,4037
496,3989
497,4145
498,4147
499,4176
500,4040
501,4083
502,4146
503,4011
504,4227
505,4142
506,4048
507,4201
508,4113
509,4079
510,4135
511,4068
512,3929
513,4121
514,4100
515,4146
516,4083
517,4029
518,4137
519,4082
520,4193
521,4074
522,4086
523,4178
524,4163
525,4089
526,4152
527,4076
528,4126
529,4150
530,3987
531,4043
532,4087
533,4141
534,4055
535,4091
536,4124
537,4052
538,4051
539,3941
540,4208
541,4131
542,4185
543,4018
544,4181
545,4102
546,4039
547,4089
548,4124
549,4035
550,4154
551,4203
552,4125
553,4097
554,4221
555,4067
556,4053
557,4003
558,4173
559,4016
560,4043
561,4116
562,4114
563,4068
564,4010
565,4087
566,4113
567,4029
568,4095
569,4213
570,4190
571,4077
572,4027
573,4255
574,4071
575,4031
576,4198
577,4100
578,4062
579,4153
580,4059
581,4172
582,4045
583,4013
584,4128
585,4146
586,4098
587,4128
588,4141
589,4074
590,4115
591,4071
592,4177
593,4131
594,4192
595,4158
596,4161
597,4086
598,4039
599,4082
600,3924
601,3975
602,4086
603,4177
604,4124
605,4302
606,4034
607,4019
608,4079
609,4016
610,4078
611,4030
612,4033
613,3956
614,4096
615,4102
616,4062
617,4058
618,4095
619,4017
620,4191
621,3973
622,4091
623,3995
624,4111
625,4151
626,4174
627,4073
628,4098
629,4157
630,4081
631,4138
632,4085
633,4124
634,4095
635,4048
636,4188
637,4120
638,4228
639,4064
640,4163
641,4095
642,4225
643,4171
644,4171
645,4106
646,4029
647,4154
648,4079
649,4064
650,4092
651,4078
652,4026
653,4075
654,4190
655,4063
656,4124
657,4121
658,3922
659,4217
660,4233
661,4124
662,4111
663,4138
664,4211
665,4210
666,4033
667,3971
668,4120
669,4077
670,4058
671,4102
672,4177
673,4032
674,4241
675,4021
676,4162
677,4129
678,4182
679,4061
680,4021
681,3979
682,4056
683,4221
684,4146
685,4084
686,4141
687,4157
688,4199
689,4052
690,4242
691,4164
692,4029
693,4100
694,3983
695,4136
696,4082
697,4114
698,4087
699,4095
700,4210
701,4158
702,4072
703,4165
704,4138
705,4230
706,4158
707,4020
708,4057
709,4027
710,3998
711,4046
712,4068
713,4153
714,4077
715,4036
716,4156
717,4010
718,4137
719,4128
720,4120
721,4021
722,4216
723,4163
724,4063
725,4068
726,4150
727,4099
728,4025
729,4099
730,4081
731,4162
732,4040
733,3925
734,4046
735,4024
736,4236
737,4123
738,4047
739,4058
740,4117
741,4214
742,4262
743,4187
744,4063
745,4164
746,4071
747,4000
748,4049
749,4071
750,4041
751,4105
752,4123
753,4166
754,4149
755,4091
756,4135
757,4055
758,4150
759,4235
760,4012
761,4230
762,4112
763,4132
764,4169
765,4233
766,4086
767,4155
768,3990
769,4166
770,4049
771,4211
772,4077
773,4165
774,4154
775,4014
776,4282
777,4006
778,4120
779,4047
780,4106
781,4288
782,4084
783,4124
784,4035
785,4136
786,4066
787,4157
788,4231
789,4098
790,3972
791,3911
792,4148
793,4006
794,4016
795,4080
796,4131
797,4095
798,4052
799,4089
800,3979
801,4141
802,4091
803,4109
804,4091
805,4224
806,4086
807,4067
808,4185
809,4159
810,4058
811,4014
812,4121
813,3980
814,4163
815,4033
816,4281
817,4013
818,4101
819,4090
820,4053
821,4122
822,4170
823,4087
824,4163
825,4115
826,4092
827,4062
828,4109
829,4051
830,4081
831,4176
832,4146
833,4079
834,4002
835,4159
836,4033
837,4162
838,3991
839,4110
840,4113
841,4160
842,4058
843,4106
844,4077
845,4150
846,4019
847,4056
848,4128
849,4209
850,4182
851,4179
852,4073
853,4179
854,4133
855,4054
856,4129
857,4060
858,4078
859,4228
860,4116
861,4230
862,4020
863,4102
864,4141
865,3968
866,4176
867,4095
868,4146
869,4213
870,3962
871,4018
872,4136
873,4220
874,4183
875,4177
876,4137
877,4036
878,3961
879,3990
880,4090
881,4086
882,4131
883,4188
884,4126
885,4078
886,4098
887,4064
888,4072
889,4032
890,4066
891,4078
892,4210
893,4057
894,4223
895,4147
896,4235
897,3980
898,4125
899,4115
900,4063
901,4040
902,4173
903,4095
904,3972
905,4017
906,4058
907,4007
908,4089
909,4134
910,4106
911,4005
912,4112
913,4111
914,4100
915,3997
916,4171
917,4161
918,4020
919,4050
920,4258
921,4046
922,4220
923,4202
924,3986
925,4016
926,4030
927,4065
928,4159
929,4096
930,4036
931,4104
932,4125
933,4222
934,4151
935,4057
936,3916
937,4021
938,4044
939,4043
940,4193
941,4177
942,4055
943,4040
944,4058
945,4238
946,4078
947,4073
948,4030
949,3946
950,4044
951,4150
952,4103
953,4105
954,4057
955,4021
956,4035
957,4145
958,4083
959,4105
960,4103
961,4033
962,3992
963,4144
964,4089
965,4067
966,4059
967,4023
968,4098
969,4170
970,4251
971,4067
972,4047
973,4199
974,4086
975,3983
976,4028
977,4174
978,4054
979,3969
980,4044
981,4099
982,4076
983,4109
984,4082
985,4163
986,4111
987,4210
988,4144
989,4088
990,4047
991,4042
992,4162
993,4066
994,3938
995,4040
996,4145
997,4124
998,4150
999,3952
1000,4029
1001,4107
1002,4020
1003,3997
1004,4033
1005,4192
1006,4098
1007,4142
1008,4054
1009,4131
1010,4127
1011,4018
1012,4227
1013,4072
1014,4101
1015,4040
1016,4004
1017,3939
1018,4071
1019,4003
1020,4055
1021,4092
1022,4116
1023,3938
